{
  "version": 1,
  "author": "Uri Shaked",
  "editor": "wokwi",
  "parts": [
    {
      "type": "board-esp32-devkit-c-v4",
      "id": "esp",
      "top": 38.4,
      "left": -100.76,
      "attrs": { "env": "micropython-20231005-v1.21.0" }
    },
    {
      "type": "wokwi-resistor",
      "id": "r1",
      "top": 186.35,
      "left": -192,
      "attrs": { "value": "1000" }
    },
    {
      "type": "wokwi-led",
      "id": "led1",
      "top": 111.6,
      "left": -226.6,
      "attrs": { "color": "red" }
    }
  ],
  "connections": [
    [ "esp:TX", "$serialMonitor:RX", "", [] ],
    [ "esp:RX", "$serialMonitor:TX", "", [] ],
    [ "r1:1", "led1:C", "green", [ "h-19.2", "v-28.8" ] ],
    [ "esp:GND.1", "r1:2", "black", [ "h0" ] ],
    [ "esp:12", "led1:A", "green", [ "v0", "h-105.45" ] ]
  ],
  "dependencies": {}
}