{
  "version": 1,
  "author": "Uri Shaked",
  "editor": "wokwi",
  "parts": [
    {
      "type": "board-esp32-devkit-c-v4",
      "id": "esp",
      "top": 57.6,
      "left": -43.16,
      "attrs": { "env": "micropython-20231005-v1.21.0" }
    },
    {
      "type": "wokwi-lcd1602",
      "id": "lcd1",
      "top": -89.6,
      "left": -157.6,
      "attrs": { "pins": "i2c" }
    }
  ],
  "connections": [
    [ "esp:TX", "$serialMonitor:RX", "", [] ],
    [ "esp:RX", "$serialMonitor:TX", "", [] ],
    [ "lcd1:GND", "esp:GND.1", "black", [ "h-67.2", "v230.4" ] ],
    [ "esp:5V", "lcd1:VCC", "red", [ "h-172.65", "v-307.2" ] ],
    [ "esp:13", "lcd1:SDA", "green", [ "h-153.45", "v-259.2" ] ],
    [ "esp:14", "lcd1:SCL", "green", [ "h-143.85", "v-220.8", "h28.8" ] ]
  ],
  "dependencies": {}
}