{
  "version": 1,
  "author": "Uri Shaked",
  "editor": "wokwi",
  "parts": [
    {
      "type": "board-esp32-devkit-c-v4",
      "id": "esp",
      "top": 57.6,
      "left": -43.16,
      "attrs": { "env": "micropython-20231005-v1.21.0" }
    },
    { "type": "wokwi-potentiometer", "id": "pot1", "top": 85.1, "left": -192.2, "attrs": {} },
    {
      "type": "wokwi-led",
      "id": "led1",
      "top": 217.2,
      "left": -140.2,
      "attrs": { "color": "red" }
    },
    {
      "type": "wokwi-resistor",
      "id": "r1",
      "top": 205.55,
      "left": -230.4,
      "attrs": { "value": "1000" }
    }
  ],
  "connections": [
    [ "esp:TX", "$serialMonitor:RX", "", [] ],
    [ "esp:RX", "$serialMonitor:TX", "", [] ],
    [ "pot1:GND", "esp:GND.1", "black", [ "v9.6", "h-38.4", "v-105.6" ] ],
    [ "esp:3V3", "pot1:VCC", "green", [ "h-19.05", "v105.6", "h-19.2" ] ],
    [ "esp:26", "pot1:SIG", "green", [ "h-9.45", "v28.8", "h-105.6" ] ],
    [ "esp:13", "led1:A", "green", [ "h-47.85", "v38.4" ] ],
    [ "led1:C", "r1:1", "green", [ "v9.6", "h-86" ] ],
    [ "r1:2", "esp:GND.1", "green", [ "v0" ] ]
  ],
  "dependencies": {}
}