{
  "version": 1,
  "author": "Uri Shaked",
  "editor": "wokwi",
  "parts": [
    {
      "type": "board-esp32-devkit-c-v4",
      "id": "esp",
      "top": 38.4,
      "left": -100.76,
      "attrs": { "env": "micropython-20231005-v1.21.0" }
    },
    {
      "type": "wokwi-resistor",
      "id": "r1",
      "top": 195.95,
      "left": 38.4,
      "attrs": { "value": "1000" }
    },
    {
      "type": "wokwi-pushbutton",
      "id": "btn1",
      "top": 54.2,
      "left": -211.2,
      "attrs": { "color": "green" }
    },
    { "type": "wokwi-led", "id": "led1", "top": 25.2, "left": 61.4, "attrs": { "color": "red" } }
  ],
  "connections": [
    [ "esp:TX", "$serialMonitor:RX", "", [] ],
    [ "esp:RX", "$serialMonitor:TX", "", [] ],
    [ "btn1:1.r", "esp:3V3", "green", [ "v0" ] ],
    [ "esp:14", "btn1:2.l", "green", [ "h0" ] ],
    [ "esp:2", "r1:1", "green", [ "h0" ] ],
    [ "r1:2", "led1:A", "green", [ "v0" ] ],
    [ "esp:GND.2", "led1:C", "black", [ "v0" ] ]
  ],
  "dependencies": {}
}