{
  "version": 1,
  "author": "Uri Shaked",
  "editor": "wokwi",
  "parts": [
    {
      "type": "board-esp32-devkit-c-v4",
      "id": "esp",
      "top": 28.8,
      "left": -43.16,
      "attrs": { "env": "micropython-20231005-v1.21.0" }
    },
    {
      "type": "wokwi-7segment",
      "id": "sevseg1",
      "top": 140.22,
      "left": -296.48,
      "attrs": { "digits": "4", "common": "cathode", "colon": "" }
    },
    {
      "type": "wokwi-resistor",
      "id": "r1",
      "top": -24.85,
      "left": -86.4,
      "attrs": { "value": "1000" }
    },
    {
      "type": "wokwi-resistor",
      "id": "r2",
      "top": -5.65,
      "left": -86.4,
      "attrs": { "value": "1000" }
    },
    {
      "type": "wokwi-resistor",
      "id": "r3",
      "top": 13.55,
      "left": -86.4,
      "attrs": { "value": "1000" }
    },
    {
      "type": "wokwi-resistor",
      "id": "r4",
      "top": 291.95,
      "left": -76.8,
      "attrs": { "value": "1000" }
    }
  ],
  "connections": [
    [ "esp:TX", "$serialMonitor:RX", "", [] ],
    [ "esp:RX", "$serialMonitor:TX", "", [] ],
    [ "sevseg1:A", "esp:32", "green", [ "v0" ] ],
    [ "sevseg1:F", "esp:33", "green", [ "v0" ] ],
    [ "esp:25", "sevseg1:B", "green", [ "v0", "h-86.25" ] ],
    [ "sevseg1:E", "esp:13", "green", [ "v66.36", "h172.81", "v-96" ] ],
    [ "sevseg1:D", "esp:12", "green", [ "v56.76", "h153.6", "v-105.6" ] ],
    [ "sevseg1:DP", "esp:14", "green", [ "v47.16", "h134.4", "v-105.6" ] ],
    [ "sevseg1:C", "esp:27", "green", [ "v37.56", "h115.2", "v-96" ] ],
    [ "sevseg1:G", "esp:26", "green", [ "v27.96", "h96", "v-105.6" ] ],
    [ "esp:5", "r1:2", "green", [ "h67.2", "v-163.2" ] ],
    [ "r1:1", "sevseg1:DIG1", "green", [ "v0", "h-134.4" ] ],
    [ "esp:18", "r2:2", "green", [ "h48", "v-144" ] ],
    [ "r2:1", "sevseg1:DIG2", "green", [ "v0", "h-105.6" ] ],
    [ "esp:19", "r3:2", "green", [ "h28.8", "v-105.6" ] ],
    [ "r3:1", "sevseg1:DIG3", "green", [ "v0", "h-96" ] ],
    [ "sevseg1:DIG4", "r4:1", "green", [ "v0" ] ],
    [ "esp:21", "r4:2", "green", [ "h19.2", "v220.8" ] ]
  ],
  "dependencies": {}
}