{
  "version": 1,
  "author": "Uri Shaked",
  "editor": "wokwi",
  "parts": [
    {
      "type": "board-esp32-devkit-c-v4",
      "id": "esp",
      "top": 19.2,
      "left": -81.56,
      "attrs": { "env": "micropython-20231005-v1.21.0" }
    },
    {
      "type": "wokwi-resistor",
      "id": "r1",
      "top": 215.15,
      "left": -192,
      "attrs": { "value": "1000" }
    },
    { "type": "wokwi-7segment", "id": "sevseg1", "top": 91.38, "left": -254.12, "attrs": {} }
  ],
  "connections": [
    [ "esp:TX", "$serialMonitor:RX", "", [] ],
    [ "esp:RX", "$serialMonitor:TX", "", [] ],
    [ "esp:5V", "r1:2", "red", [ "h0" ] ],
    [ "r1:1", "sevseg1:COM.1", "green", [ "h-38.4", "v-76.8" ] ],
    [ "esp:4", "sevseg1:A", "green", [ "h38.4", "v-172.8", "h-278.4" ] ],
    [ "esp:5", "sevseg1:B", "green", [ "h28.8", "v-134.4", "h-259.2" ] ],
    [ "esp:19", "sevseg1:C", "green", [ "h19.2", "v-96", "h-230.4", "v172.8", "h-9.6" ] ],
    [ "esp:21", "sevseg1:D", "green", [ "h48", "v163.2", "h-297.6" ] ],
    [ "esp:22", "sevseg1:E", "green", [ "h57.6", "v220.8", "h-76.8" ] ],
    [ "esp:2", "sevseg1:F", "green", [ "h67.2", "v-220.8", "h-326.4" ] ],
    [ "esp:15", "sevseg1:G", "green", [ "v0", "h19.2", "v105.6", "h-307.2", "v-211.2" ] ],
    [ "esp:18", "sevseg1:DP", "green", [ "h28.8", "v115.2", "h-259.2" ] ]
  ],
  "dependencies": {}
}