{
  "version": 1,
  "author": "Uri Shaked",
  "editor": "wokwi",
  "parts": [
    {
      "type": "board-esp32-devkit-c-v4",
      "id": "esp",
      "top": 57.6,
      "left": -139.16,
      "attrs": { "env": "micropython-20231005-v1.21.0" }
    },
    { "type": "wokwi-servo", "id": "servo1", "top": -59.6, "left": -153.6, "attrs": {} }
  ],
  "connections": [
    [ "esp:TX", "$serialMonitor:RX", "", [] ],
    [ "esp:RX", "$serialMonitor:TX", "", [] ],
    [ "servo1:V+", "esp:5V", "green", [ "h-48", "v192.1" ] ],
    [ "esp:GND.1", "servo1:GND", "black", [ "h-86.25", "v-230.4" ] ],
    [ "esp:13", "servo1:PWM", "green", [ "h-38.25", "v-211.2" ] ]
  ],
  "dependencies": {}
}