{
  "version": 1,
  "author": "Uri Shaked",
  "editor": "wokwi",
  "parts": [
    {
      "type": "board-esp32-devkit-c-v4",
      "id": "esp",
      "top": 19.2,
      "left": -81.56,
      "attrs": { "env": "micropython-20231005-v1.21.0" }
    },
    {
      "type": "wokwi-led",
      "id": "led1",
      "top": 121.2,
      "left": -226.6,
      "attrs": { "color": "red" }
    },
    {
      "type": "wokwi-resistor",
      "id": "r1",
      "top": 215.15,
      "left": -153.6,
      "attrs": { "value": "1000" }
    },
    {
      "type": "wokwi-led",
      "id": "led2",
      "top": 111.6,
      "left": -207.4,
      "attrs": { "color": "blue" }
    },
    {
      "type": "wokwi-led",
      "id": "led3",
      "top": 92.4,
      "left": -149.8,
      "attrs": { "color": "orange" }
    },
    {
      "type": "wokwi-led",
      "id": "led4",
      "top": 102,
      "left": -178.6,
      "attrs": { "color": "yellow" }
    },
    {
      "type": "wokwi-led",
      "id": "led5",
      "top": 82.8,
      "left": -121,
      "attrs": { "color": "purple" }
    }
  ],
  "connections": [
    [ "esp:TX", "$serialMonitor:RX", "", [] ],
    [ "esp:RX", "$serialMonitor:TX", "", [] ],
    [ "esp:12", "led1:A", "green", [ "v0" ] ],
    [ "led1:C", "r1:1", "green", [ "v0" ] ],
    [ "esp:GND.1", "r1:2", "black", [ "h0" ] ],
    [ "led2:A", "esp:14", "green", [ "v0" ] ],
    [ "led4:A", "esp:27", "green", [ "v0" ] ],
    [ "led3:A", "esp:26", "green", [ "v0" ] ],
    [ "led5:A", "esp:25", "green", [ "v0" ] ],
    [ "led2:C", "r1:1", "green", [ "v0" ] ],
    [ "led4:C", "r1:1", "green", [ "v0" ] ],
    [ "led3:C", "r1:1", "green", [ "v67.2", "h-18.8" ] ],
    [ "led5:C", "r1:1", "green", [ "v86.4", "h-47.6" ] ]
  ],
  "dependencies": {}
}